Name,descriptio,nombre,descripci_,gx_media_l,layer,path,xcoord,ycoord,icon_url
ALMACEN QUISQUEYA SAN PEDRO,,ALMACEN REGIONAL DEL ESTE,Almacen de abastecimiento de la zona Este del INVI.,https://doc-0o-9s-mymaps.googleusercontent.com/untrusted/hostedimage/n8iup2omsln2bbcql4f65nkp7k/k4j53l6up4hjg764bfrhn8kmhk/1642520769500/YxVS6hvJdcyzigFQtcUxfDRJRPekVVtH/00867828750103162931/5AIsG_vYugWrTERUtEGpWlQf3Xvb5CA9lq5nN-u1KvsDrQ-5SLhf66rbgkKuPfm,MAPA DE ACTIVOS DEL MIVHED (2) ALMACENES,C:\Users\user\Downloads\MAPA DE ACTIVOS DEL MIVHED (2).kmz|layername=ALMACENES,1.000000000000000,,./0.png
ALMACEN SANTIAGO,,ALMACEN REGIONAL SANTIAGO,Almacen de abastecimiento de materiales del INVI,https://doc-14-9s-mymaps.googleusercontent.com/untrusted/hostedimage/n8iup2omsln2bbcql4f65nkp7k/82f52rdpf9a8belq3cdsq4hs08/1642520769500/YxVS6hvJdcyzigFQtcUxfDRJRPekVVtH/00867828750103162931/5AIsG_vYsjJQQMM17dTFQrSlw6FyrNoxbVSPvfXOvpg51PNKexFUCT8LgMNBJdE,MAPA DE ACTIVOS DEL MIVHED (2) ALMACENES,C:\Users\user\Downloads\MAPA DE ACTIVOS DEL MIVHED (2).kmz|layername=ALMACENES,1.000000000000000,,./0.png
ALMACEN HATO NUEVO,,,"Este es el almacen de abastecimiento de materiales, de todo el MIVHED",https://doc-0c-9s-mymaps.googleusercontent.com/untrusted/hostedimage/n8iup2omsln2bbcql4f65nkp7k/asth1d95s6icjktbs9ulfjr8ao/1642520769500/YxVS6hvJdcyzigFQtcUxfDRJRPekVVtH/00867828750103162931/5AIsG_vbB6MoOCBiE1Kwj0abg28d4jghTdmOx_vRu0Zwz73ZitRM_6Yovd8UFXf,MAPA DE ACTIVOS DEL MIVHED (2) ALMACENES,C:\Users\user\Downloads\MAPA DE ACTIVOS DEL MIVHED (2).kmz|layername=ALMACENES,1.000000000000000,,./0.png
HOSPITAL MUNICIPAL DE VILLA VASQUEZ,"<img src=""https://doc-0s-9s-mymaps.googleusercontent.com/untrusted/hostedimage/n8iup2omsln2bbcql4f65nkp7k/9cc7c31agdek5o1irb3ljvj6lg/1642520769500/YxVS6hvJdcyzigFQtcUxfDRJRPekVVtH/00867828750103162931/5AIsG_vbmfxiqY2dFGCDrlln3smoEfAi22D7JvY1VIocgFy3dEzTJ",,,https://doc-0s-9s-mymaps.googleusercontent.com/untrusted/hostedimage/n8iup2omsln2bbcql4f65nkp7k/9cc7c31agdek5o1irb3ljvj6lg/1642520769500/YxVS6hvJdcyzigFQtcUxfDRJRPekVVtH/00867828750103162931/5AIsG_vbmfxiqY2dFGCDrlln3smoEfAi22D7JvY1VIocgFy3dEzTJjiJbj4KGfK,MAPA DE ACTIVOS DEL MIVHED (2) CENTROS DE SALUD,C:\Users\user\Downloads\MAPA DE ACTIVOS DEL MIVHED (2).kmz|layername=CENTROS DE SALUD,1.000000000000000,,./0.png
DESTACANENTO VILLA LIBERACION,"<img src=""https://doc-0c-9s-mymaps.googleusercontent.com/untrusted/hostedimage/n8iup2omsln2bbcql4f65nkp7k/cdh5ov7uuqar6m61inbvlmkjvg/1642520769500/YxVS6hvJdcyzigFQtcUxfDRJRPekVVtH/00867828750103162931/5AIsG_vZms-n51XImhcIgW0Kc2UvoXh1E9rozjqUgeGJsuUj5q-wg",,,https://doc-0c-9s-mymaps.googleusercontent.com/untrusted/hostedimage/n8iup2omsln2bbcql4f65nkp7k/cdh5ov7uuqar6m61inbvlmkjvg/1642520769500/YxVS6hvJdcyzigFQtcUxfDRJRPekVVtH/00867828750103162931/5AIsG_vZms-n51XImhcIgW0Kc2UvoXh1E9rozjqUgeGJsuUj5q-wgpCE-wIlwgM,MAPA DE ACTIVOS DEL MIVHED (2) DESTACAMENTOS MIVHED,C:\Users\user\Downloads\MAPA DE ACTIVOS DEL MIVHED (2).kmz|layername=DESTACAMENTOS MIVHED,1.000000000000000,,./0.png
"VILLA GUERRERO, (EL SEYBO)","<img src=""https://doc-0s-9s-mymaps.googleusercontent.com/untrusted/hostedimage/n8iup2omsln2bbcql4f65nkp7k/gs6lkcfujdfu03nfq1kj3pp1io/1642520769500/YxVS6hvJdcyzigFQtcUxfDRJRPekVVtH/00867828750103162931/5AIsG_vZZ5V4Zj4pNHnHpKuTV_bzP8G1QWgPPr2cykKuZRkso6cs3",,,https://doc-0s-9s-mymaps.googleusercontent.com/untrusted/hostedimage/n8iup2omsln2bbcql4f65nkp7k/gs6lkcfujdfu03nfq1kj3pp1io/1642520769500/YxVS6hvJdcyzigFQtcUxfDRJRPekVVtH/00867828750103162931/5AIsG_vZZ5V4Zj4pNHnHpKuTV_bzP8G1QWgPPr2cykKuZRkso6cs3Y2DQmuYuF2,MAPA DE ACTIVOS DEL MIVHED (2) FRANJAS OCUPADAS,C:\Users\user\Downloads\MAPA DE ACTIVOS DEL MIVHED (2).kmz|layername=FRANJAS OCUPADAS,1.000000000000000,,./0.png
VILLA ARMONIA O NUEVO JIMANÍ,"<img src=""https://doc-04-9s-mymaps.googleusercontent.com/untrusted/hostedimage/n8iup2omsln2bbcql4f65nkp7k/1tqa08nb6v1tv6j41jqg2a69js/1642520769500/YxVS6hvJdcyzigFQtcUxfDRJRPekVVtH/00867828750103162931/5AIsG_vZwVFzlC5W3VIcS2_1_LQoyGxTaW5aMexq4dwEeReX5YBS5",,,https://doc-04-9s-mymaps.googleusercontent.com/untrusted/hostedimage/n8iup2omsln2bbcql4f65nkp7k/1tqa08nb6v1tv6j41jqg2a69js/1642520769500/YxVS6hvJdcyzigFQtcUxfDRJRPekVVtH/00867828750103162931/5AIsG_vZwVFzlC5W3VIcS2_1_LQoyGxTaW5aMexq4dwEeReX5YBS5Q6RAOuOp-y,MAPA DE ACTIVOS DEL MIVHED (2) FRANJAS OCUPADAS,C:\Users\user\Downloads\MAPA DE ACTIVOS DEL MIVHED (2).kmz|layername=FRANJAS OCUPADAS,1.000000000000000,,./0.png
SOLARES DETRÁS DE “EL CAUCHO” SAN JUAN,"<img src=""https://doc-14-9s-mymaps.googleusercontent.com/untrusted/hostedimage/n8iup2omsln2bbcql4f65nkp7k/lqbk4p8gpshlhg8amhjmie4a3o/1642520769500/YxVS6hvJdcyzigFQtcUxfDRJRPekVVtH/00867828750103162931/5AIsG_vYZOzLfvNO2p12C9eG9qQP111MdHs44a_8VDR1SYTAZe9ki",,,https://doc-14-9s-mymaps.googleusercontent.com/untrusted/hostedimage/n8iup2omsln2bbcql4f65nkp7k/lqbk4p8gpshlhg8amhjmie4a3o/1642520769500/YxVS6hvJdcyzigFQtcUxfDRJRPekVVtH/00867828750103162931/5AIsG_vYZOzLfvNO2p12C9eG9qQP111MdHs44a_8VDR1SYTAZe9kiwf1l9kgMw_,MAPA DE ACTIVOS DEL MIVHED (2) FRANJAS OCUPADAS,C:\Users\user\Downloads\MAPA DE ACTIVOS DEL MIVHED (2).kmz|layername=FRANJAS OCUPADAS,1.000000000000000,,./0.png
PROYECTO VILLA SAN CARLOS,"<img src=""https://doc-0s-9s-mymaps.googleusercontent.com/untrusted/hostedimage/n8iup2omsln2bbcql4f65nkp7k/48ctnv6vuig102bj2oqecdslus/1642520769500/YxVS6hvJdcyzigFQtcUxfDRJRPekVVtH/00867828750103162931/5AIsG_vb6Plph9PwZsJyLG6IBiz1HrNQLmdTgUF-yPtlebeGeDPBr",,,https://doc-0s-9s-mymaps.googleusercontent.com/untrusted/hostedimage/n8iup2omsln2bbcql4f65nkp7k/48ctnv6vuig102bj2oqecdslus/1642520769500/YxVS6hvJdcyzigFQtcUxfDRJRPekVVtH/00867828750103162931/5AIsG_vb6Plph9PwZsJyLG6IBiz1HrNQLmdTgUF-yPtlebeGeDPBrZ5F-dJAq9J,MAPA DE ACTIVOS DEL MIVHED (2) FRANJAS OCUPADAS,C:\Users\user\Downloads\MAPA DE ACTIVOS DEL MIVHED (2).kmz|layername=FRANJAS OCUPADAS,1.000000000000000,,./0.png
PROYECTO VILLA SAN CARLOS ,"<img src=""https://doc-0k-9s-mymaps.googleusercontent.com/untrusted/hostedimage/n8iup2omsln2bbcql4f65nkp7k/qc2cs4e7jv4e99uvki2o4a2770/1642520769500/YxVS6hvJdcyzigFQtcUxfDRJRPekVVtH/00867828750103162931/5AIsG_vbzofQpwmLD74rFPQ2nSfjUY_zSWItNwrkhzPBX0hz7X6Wa",,,https://doc-0k-9s-mymaps.googleusercontent.com/untrusted/hostedimage/n8iup2omsln2bbcql4f65nkp7k/qc2cs4e7jv4e99uvki2o4a2770/1642520769500/YxVS6hvJdcyzigFQtcUxfDRJRPekVVtH/00867828750103162931/5AIsG_vbzofQpwmLD74rFPQ2nSfjUY_zSWItNwrkhzPBX0hz7X6WaNetiqENR9-,MAPA DE ACTIVOS DEL MIVHED (2) FRANJAS OCUPADAS,C:\Users\user\Downloads\MAPA DE ACTIVOS DEL MIVHED (2).kmz|layername=FRANJAS OCUPADAS,1.000000000000000,,./0.png
"TERRENOS GUANUMA, DUVERGE.","<img src=""https://doc-04-9s-mymaps.googleusercontent.com/untrusted/hostedimage/n8iup2omsln2bbcql4f65nkp7k/paqq1uopg6s88gsdj7ufelnl9o/1642520769500/YxVS6hvJdcyzigFQtcUxfDRJRPekVVtH/00867828750103162931/5AIsG_vYoiHFuS_M1HVvNLTNY_bWdl6qg1TIQo-hpKFB6lrBk2v4r",,,https://doc-04-9s-mymaps.googleusercontent.com/untrusted/hostedimage/n8iup2omsln2bbcql4f65nkp7k/paqq1uopg6s88gsdj7ufelnl9o/1642520769500/YxVS6hvJdcyzigFQtcUxfDRJRPekVVtH/00867828750103162931/5AIsG_vYoiHFuS_M1HVvNLTNY_bWdl6qg1TIQo-hpKFB6lrBk2v4rQHBBVtwaOJ,MAPA DE ACTIVOS DEL MIVHED (2) FRANJAS OCUPADAS,C:\Users\user\Downloads\MAPA DE ACTIVOS DEL MIVHED (2).kmz|layername=FRANJAS OCUPADAS,1.000000000000000,,./0.png
ECOVILMA VILLA ALTAGRACIA ,"<img src=""https://doc-0o-9s-mymaps.googleusercontent.com/untrusted/hostedimage/n8iup2omsln2bbcql4f65nkp7k/1joa9u86uefrrjt2n8tfin2o1c/1642520769500/YxVS6hvJdcyzigFQtcUxfDRJRPekVVtH/00867828750103162931/5AIsG_vYzLLh8523XACQ4N8Curg36T3XYBWqzoa6whYYJG-8JI1XP",,,https://doc-0o-9s-mymaps.googleusercontent.com/untrusted/hostedimage/n8iup2omsln2bbcql4f65nkp7k/1joa9u86uefrrjt2n8tfin2o1c/1642520769500/YxVS6hvJdcyzigFQtcUxfDRJRPekVVtH/00867828750103162931/5AIsG_vYzLLh8523XACQ4N8Curg36T3XYBWqzoa6whYYJG-8JI1XPrZh91NoQcS,MAPA DE ACTIVOS DEL MIVHED (2) FRANJAS OCUPADAS,C:\Users\user\Downloads\MAPA DE ACTIVOS DEL MIVHED (2).kmz|layername=FRANJAS OCUPADAS,1.000000000000000,,./0.png
El Manchado,,,,https://doc-14-9s-mymaps.googleusercontent.com/untrusted/hostedimage/n8iup2omsln2bbcql4f65nkp7k/297fo3cngm18vnncvcfbq2vuag/1642520769500/YxVS6hvJdcyzigFQtcUxfDRJRPekVVtH/00867828750103162931/5AIsG_vaKFPvY1zCF-plV6vUuRzIgfdnJwsPn0d-vuieTZwpi8elQTeuHHSk327,MAPA DE ACTIVOS DEL MIVHED (2) PROYECTOS,C:\Users\user\Downloads\MAPA DE ACTIVOS DEL MIVHED (2).kmz|layername=PROYECTOS,1.000000000000000,,./0.png
PROYECTO EL CAUCHO BONAO,este es un proyecto del 2008,,,https://doc-0s-9s-mymaps.googleusercontent.com/untrusted/hostedimage/n8iup2omsln2bbcql4f65nkp7k/pofhgsjq97r83khia41s2d2evs/1642520769500/YxVS6hvJdcyzigFQtcUxfDRJRPekVVtH/00867828750103162931/5AIsG_vbrbo3970xSzWIyfqu09sFMlwH9GPjwVHLxcnJUpzvFi-stpTUMCFC32V,MAPA DE ACTIVOS DEL MIVHED (2) PROYECTOS,C:\Users\user\Downloads\MAPA DE ACTIVOS DEL MIVHED (2).kmz|layername=PROYECTOS,1.000000000000000,,./0.png
,,,"•	Encargado: T/C. MIGUEL LORENZO MATOS, ARD.
•	Incidencia de novedades. Baja
•	Infraestructura: Buena 
•	Apartamentos por entregar: Ningunos 
•	Situación general	Todos los aptos entregados

",https://doc-14-9s-mymaps.googleusercontent.com/untrusted/hostedimage/n8iup2omsln2bbcql4f65nkp7k/0j9bouv8nnpkeuo0m1ut7m3uq8/1642520769500/YxVS6hvJdcyzigFQtcUxfDRJRPekVVtH/00867828750103162931/5AIsG_vaR_sNe6sFeLbL49y_XoLytCNjb9lSUpIr9kAwkU1dw5WwF8qZORYgyDc,MAPA DE ACTIVOS DEL MIVHED (2) PROYECTOS,C:\Users\user\Downloads\MAPA DE ACTIVOS DEL MIVHED (2).kmz|layername=PROYECTOS,1.000000000000000,,./0.png
VILLA PROGRESO TAMBORIL,Este proyecto se encuentra en Tamboril Santiago de los caballeros,,,https://doc-0o-9s-mymaps.googleusercontent.com/untrusted/hostedimage/n8iup2omsln2bbcql4f65nkp7k/lhohcgc2e72q5il2vsee41r4ok/1642520769500/YxVS6hvJdcyzigFQtcUxfDRJRPekVVtH/00867828750103162931/5AIsG_vYwksnSKtaNfTilEpLC95uTspD6PgF0YF4uzlWYpga_QLkbmCvP0hYK9c,MAPA DE ACTIVOS DEL MIVHED (2) PROYECTOS,C:\Users\user\Downloads\MAPA DE ACTIVOS DEL MIVHED (2).kmz|layername=PROYECTOS,1.000000000000000,,./0.png
,,,"•	Encargado: T/C. MIGUEL LORENZO MATOS, ARD.
•	Incidencia de novedades: Baja
•	Apartamentos por entregar: Ninguno 
•	Situación general: Sin novedades
",https://doc-00-9s-mymaps.googleusercontent.com/untrusted/hostedimage/n8iup2omsln2bbcql4f65nkp7k/j9rh4u1nhun1nt9gktn59oe928/1642520769500/YxVS6hvJdcyzigFQtcUxfDRJRPekVVtH/00867828750103162931/5AIsG_vZx4ecg2ZQDrgPs2kqAMkfQWY0xBJM5rUeszQ3SaW2vf0YUbzHXPFiNcG,MAPA DE ACTIVOS DEL MIVHED (2) PROYECTOS,C:\Users\user\Downloads\MAPA DE ACTIVOS DEL MIVHED (2).kmz|layername=PROYECTOS,1.000000000000000,,./0.png
,,,"•	Encargado: Ninguno
•	Incidencia de novedades: Baja
•	Apartamentos por entregar: Construcción
•	Situación general: 	Este proyecto está en construcción, actualmente detenido, no tiene personal de seguridad por no ser requerido por el contrati",https://doc-0k-9s-mymaps.googleusercontent.com/untrusted/hostedimage/n8iup2omsln2bbcql4f65nkp7k/gtvpd1rfmi3ja56pkir56vb550/1642520769500/YxVS6hvJdcyzigFQtcUxfDRJRPekVVtH/00867828750103162931/5AIsG_vZlXqqjy03iFwqIypW5BxLAAmcjBv6PE85nrgd2ArwAYZiY7qfLvQyNUH,MAPA DE ACTIVOS DEL MIVHED (2) PROYECTOS,C:\Users\user\Downloads\MAPA DE ACTIVOS DEL MIVHED (2).kmz|layername=PROYECTOS,1.000000000000000,,./0.png
,,,"•	Encargado: T/C. MIGUEL LORENZO MATOS, ARD.
•	Incidencia de novedades: Baja
•	Apartamentos por entregar: Ninguno 
•	Situación general: Sin novedad  
",https://doc-04-9s-mymaps.googleusercontent.com/untrusted/hostedimage/n8iup2omsln2bbcql4f65nkp7k/deisipo2p08o86oscjcd0u23h0/1642520769500/YxVS6hvJdcyzigFQtcUxfDRJRPekVVtH/00867828750103162931/5AIsG_vbu3j-BzF92lDBvJpgbD2nCrZZQJomovSugnDYMYdAdUVjo69ZwJoAChP,MAPA DE ACTIVOS DEL MIVHED (2) PROYECTOS,C:\Users\user\Downloads\MAPA DE ACTIVOS DEL MIVHED (2).kmz|layername=PROYECTOS,1.000000000000000,,./0.png
,,,"•	Encargado: T/C. MIGUEL LORENZO MATOS, ARD.
•	Incidencia de novedades: Baja
•	Apartamentos por entregar: Ninguno 
•	Situación genera: Sin novedad a excepción de una persona tiene en venta uno de los apartamentos como se puede apreciar en una d",https://doc-04-9s-mymaps.googleusercontent.com/untrusted/hostedimage/n8iup2omsln2bbcql4f65nkp7k/u7q7m06u4eli9pb15lscc6m384/1642520769500/YxVS6hvJdcyzigFQtcUxfDRJRPekVVtH/00867828750103162931/5AIsG_vYQ3qvQSwyawAXBUZy5hvg8G41PB0fEl4IHnmFNURpHE0TdBuuta6FC8D,MAPA DE ACTIVOS DEL MIVHED (2) PROYECTOS,C:\Users\user\Downloads\MAPA DE ACTIVOS DEL MIVHED (2).kmz|layername=PROYECTOS,1.000000000000000,,./0.png
,,,"•	Encargado: Ninguno
•	Incidencia de novedades: baja
•	Apartamentos por entregar: Todos
•	Situación general: Este proyecto está en construcción, actualmente detenido, no tiene personal de seguridad por no ser requerido por el contratista.
",https://doc-14-9s-mymaps.googleusercontent.com/untrusted/hostedimage/n8iup2omsln2bbcql4f65nkp7k/d3de8pu4sat0isivqjf9ia506s/1642520769500/YxVS6hvJdcyzigFQtcUxfDRJRPekVVtH/00867828750103162931/5AIsG_van25u3rjQkli1Yd2_Mbw7tec9sB5qFHBjGwFkIZb29ZWBpHnw3ZyeUjh,MAPA DE ACTIVOS DEL MIVHED (2) PROYECTOS,C:\Users\user\Downloads\MAPA DE ACTIVOS DEL MIVHED (2).kmz|layername=PROYECTOS,1.000000000000000,,./0.png
,,,"•	Encargado	Ninguno
•	Incidencia de novedades.	Alta
•	Apartamentos por entregar.	Ninguno
•	Situación general	En este proyecto entregado hace un tiempo prolongado, a falta de supervisión constante gran parte de las franjas de área verde han sid",https://doc-0s-9s-mymaps.googleusercontent.com/untrusted/hostedimage/n8iup2omsln2bbcql4f65nkp7k/otmnms00d88quqhahca9dqnp7g/1642520769500/YxVS6hvJdcyzigFQtcUxfDRJRPekVVtH/00867828750103162931/5AIsG_vZlGjhPdkkR8g7bxbNbZbGGkSlp7flkXOccqI3Ghxr4RfpmeubY0wyYW_,MAPA DE ACTIVOS DEL MIVHED (2) PROYECTOS,C:\Users\user\Downloads\MAPA DE ACTIVOS DEL MIVHED (2).kmz|layername=PROYECTOS,1.000000000000000,,./0.png
,,,"•	Encargado: Ninguno
•	Incidencia de novedades: Ninguna
•	Apartamentos por entregar.	Ninguno
•	Situación general: Este Proyecto fue entregado completo y no tenemos personal de Seguridad en él.
",https://doc-0k-9s-mymaps.googleusercontent.com/untrusted/hostedimage/n8iup2omsln2bbcql4f65nkp7k/qau3l6h2tbm482tv3c2e6rei8g/1642520769500/YxVS6hvJdcyzigFQtcUxfDRJRPekVVtH/00867828750103162931/5AIsG_vZja2DSANcweYpWp42hO5KvUxeXzGdbdLrje-4UYA9YrxlDux_coq32OC,MAPA DE ACTIVOS DEL MIVHED (2) PROYECTOS,C:\Users\user\Downloads\MAPA DE ACTIVOS DEL MIVHED (2).kmz|layername=PROYECTOS,1.000000000000000,,./0.png
,,,"•	Encargado: Capitán de Fragata Adrians García 
•	Incidencia de novedades: Alta
•	Apartamentos por entregar: Se entregaron todos, pero tenemos 13 sin ocupar
•	Situación general: Este Proyecto fue entregado completo la estructura no ha sido ter",https://doc-14-9s-mymaps.googleusercontent.com/untrusted/hostedimage/n8iup2omsln2bbcql4f65nkp7k/mgtui4p1ijogd7fi5r06pc6bm8/1642520769500/YxVS6hvJdcyzigFQtcUxfDRJRPekVVtH/00867828750103162931/5AIsG_vaUOpkZsfbXFdTkIvY8WxGtSw8h3JnArqtikggJjhVY-4eMgmfKEsbZn_,MAPA DE ACTIVOS DEL MIVHED (2) PROYECTOS,C:\Users\user\Downloads\MAPA DE ACTIVOS DEL MIVHED (2).kmz|layername=PROYECTOS,1.000000000000000,,./0.png
,,,"*Encargado: Capitán José G. Vasquez Salce, ERD.
*Incidencia de novedades: Baja 
*Apartamentos por entregar.	Tres (3) 
*Situación general: Construcción de seis (6) casas de blocks y zinc en el área verde, construida hace más de una década por la di",https://doc-0k-9s-mymaps.googleusercontent.com/untrusted/hostedimage/n8iup2omsln2bbcql4f65nkp7k/kae45cunjv5ab1fm75t7nsp3jg/1642520769500/YxVS6hvJdcyzigFQtcUxfDRJRPekVVtH/00867828750103162931/5AIsG_vaX4ywJ2vqc8QVbcbJoDvbUvn-T1mPTH-pZU3qojeQbey7F3KET8uiLK0,MAPA DE ACTIVOS DEL MIVHED (2) PROYECTOS,C:\Users\user\Downloads\MAPA DE ACTIVOS DEL MIVHED (2).kmz|layername=PROYECTOS,1.000000000000000,,./0.png
,,,"*Encargado: Capitán José G. Vasquez Salce, ERD. 
*Incidencia de novedades: Baja 
*Situación general: Solo tenemos terrenos que componen el área verde de este proyecto.",https://doc-0s-9s-mymaps.googleusercontent.com/untrusted/hostedimage/n8iup2omsln2bbcql4f65nkp7k/re9q94v0ngmhq0pljmlkfo8n8o/1642520769500/YxVS6hvJdcyzigFQtcUxfDRJRPekVVtH/00867828750103162931/5AIsG_va2vbRDqla-456wev87_mzcoERExopxPdpNYPoDckSx6bqHvy4zMpfO4M,MAPA DE ACTIVOS DEL MIVHED (2) PROYECTOS,C:\Users\user\Downloads\MAPA DE ACTIVOS DEL MIVHED (2).kmz|layername=PROYECTOS,1.000000000000000,,./0.png
,,,"*Encargado: Capitán José G. Vasquez Salce, ERD 
*Incidencia de novedades: Baja
*Situación general: Tenemos una gran porción de terrenos más de 3,000 mt2. Del área verde de este proyecto.",https://doc-04-9s-mymaps.googleusercontent.com/untrusted/hostedimage/n8iup2omsln2bbcql4f65nkp7k/kmtloid9brbr5kp82kmo6epouc/1642520769500/YxVS6hvJdcyzigFQtcUxfDRJRPekVVtH/00867828750103162931/5AIsG_vbcxT7wt5xAam6IM13F-JtOmdVPHiyc4Uzv4rd9fCuNpap1jlcMOyacc5,MAPA DE ACTIVOS DEL MIVHED (2) PROYECTOS,C:\Users\user\Downloads\MAPA DE ACTIVOS DEL MIVHED (2).kmz|layername=PROYECTOS,1.000000000000000,,./0.png
,,,"*Encargado	Capitán José G. Vasquez Salce, ERD
*Incidencia de novedades.	Baja 
*Situación general	Sin novedad",https://doc-0o-9s-mymaps.googleusercontent.com/untrusted/hostedimage/n8iup2omsln2bbcql4f65nkp7k/3ql53dvs7erkpmbo8mjkrj02p8/1642520769500/YxVS6hvJdcyzigFQtcUxfDRJRPekVVtH/00867828750103162931/5AIsG_va0FpptQ2QErMUuP2LMLgw9aFxGOIgEMhwupSzTe-dzp7djOU9iT5wEbu,MAPA DE ACTIVOS DEL MIVHED (2) PROYECTOS,C:\Users\user\Downloads\MAPA DE ACTIVOS DEL MIVHED (2).kmz|layername=PROYECTOS,1.000000000000000,,./0.png
,,,"•	Encargado:	Capitán José G. Vasquez Salce, ERD
•	Incidencia de novedades:	Baja
•	Apartamentos por entregar:	0
•	Situación general:	Proyecto entregado hace más de dos décadas.
",https://doc-04-9s-mymaps.googleusercontent.com/untrusted/hostedimage/n8iup2omsln2bbcql4f65nkp7k/s4ekn3uvcgticki7gsut51pm88/1642520769500/YxVS6hvJdcyzigFQtcUxfDRJRPekVVtH/00867828750103162931/5AIsG_vb3tEkZl9s_qeRl6xkoY1rJr_y3NiRfK4oFr6cC1ov8jH3ZynhzRsUJTa,MAPA DE ACTIVOS DEL MIVHED (2) PROYECTOS,C:\Users\user\Downloads\MAPA DE ACTIVOS DEL MIVHED (2).kmz|layername=PROYECTOS,1.000000000000000,,./0.png
,,,"•	Encargado:	Capitán José G. Vasquez Salce, ERD
•	Incidencia de novedades:	Baja
•	Apartamentos por entregar:	3
•	Situación general:	Sin novedad
",https://doc-0s-9s-mymaps.googleusercontent.com/untrusted/hostedimage/n8iup2omsln2bbcql4f65nkp7k/s0rd16tem4hrdtuhqpsr487dio/1642520769500/YxVS6hvJdcyzigFQtcUxfDRJRPekVVtH/00867828750103162931/5AIsG_vYkosyzOdWtYd7uYXkeol_4kGXi6oHoSx-G7od8C6NqpfXdbsJ9g71Pou,MAPA DE ACTIVOS DEL MIVHED (2) PROYECTOS,C:\Users\user\Downloads\MAPA DE ACTIVOS DEL MIVHED (2).kmz|layername=PROYECTOS,1.000000000000000,,./0.png
,,,"•	Encargado:	Sgto. Ariel Perez Cubilete, ERD.
•	Incidencia de novedades:	Baja
•	Apartamentos por entregar:	0
•	Situación general:	Buena
",https://doc-0k-9s-mymaps.googleusercontent.com/untrusted/hostedimage/n8iup2omsln2bbcql4f65nkp7k/h3ketq2b9li3cmb4p56csipqe0/1642520769500/YxVS6hvJdcyzigFQtcUxfDRJRPekVVtH/00867828750103162931/5AIsG_vbg-mIAQbOAwHI7CYxqRk5ZAwJCAZTq3ZztV6gK73Q6G5xozyUQsUbKym,MAPA DE ACTIVOS DEL MIVHED (2) PROYECTOS,C:\Users\user\Downloads\MAPA DE ACTIVOS DEL MIVHED (2).kmz|layername=PROYECTOS,1.000000000000000,,./0.png
,,,"• Encargado: Capitán José G. Vasquez Salce, ERD
•	Incidencia de novedades: Ninguna 
•	Apartamentos por entregar: Proyecto en construcción 
•	Situación general: No seguridad, proyecto construido por contratista privado 
",https://doc-0k-9s-mymaps.googleusercontent.com/untrusted/hostedimage/n8iup2omsln2bbcql4f65nkp7k/qdrafsbrde0g0sk0boqp40n7v4/1642520769500/YxVS6hvJdcyzigFQtcUxfDRJRPekVVtH/00867828750103162931/5AIsG_vYMt3Ri4qKKi7XfQoQ8QACAttcB0jwbD_gaPZeSc9GLYdhJa3GbWEjfH9,MAPA DE ACTIVOS DEL MIVHED (2) PROYECTOS,C:\Users\user\Downloads\MAPA DE ACTIVOS DEL MIVHED (2).kmz|layername=PROYECTOS,1.000000000000000,,./0.png
,,,"•	Encargado: No aplica
•	Incidencia de novedades: Baja 
•	Apartamentos por entregar: No aplica
•	Situación general	Se encuentra en proceso de reevaluación por esta Institución y una Comisión Especial del Senado de la República Dominicana.

",https://doc-14-9s-mymaps.googleusercontent.com/untrusted/hostedimage/n8iup2omsln2bbcql4f65nkp7k/oif775frqasamc1n5sqsc1oqb0/1642520769500/YxVS6hvJdcyzigFQtcUxfDRJRPekVVtH/00867828750103162931/5AIsG_vYy8NpdYQV1LbLo758X2QuLPuKiAVfR4mhNHtJjl7xdzEDWFB77mt4D2v,MAPA DE ACTIVOS DEL MIVHED (2) PROYECTOS,C:\Users\user\Downloads\MAPA DE ACTIVOS DEL MIVHED (2).kmz|layername=PROYECTOS,1.000000000000000,,./0.png
,,,"•	Encargado: Capitán Valenzuela Batista Freddy, ERD
•	Incidencia de novedades: Baja
•	Apartamentos por entregar: 0 
•	Situación general: Un (1) Lote de terreno con una dimensión de 12,000 Mt.2, aproximadamente con una parte ocupada por constr",https://doc-0s-9s-mymaps.googleusercontent.com/untrusted/hostedimage/n8iup2omsln2bbcql4f65nkp7k/priu8vcduhtsn9ekr0jatl8av0/1642520769500/YxVS6hvJdcyzigFQtcUxfDRJRPekVVtH/00867828750103162931/5AIsG_vbkitUg48cyv6XrIspUwJ5FwYpvpTfLmqtkZPRn0qaX61HfqJXMZ5iErh,MAPA DE ACTIVOS DEL MIVHED (2) PROYECTOS,C:\Users\user\Downloads\MAPA DE ACTIVOS DEL MIVHED (2).kmz|layername=PROYECTOS,1.000000000000000,,./0.png
,,,"•	Encargado: Capitán Valenzuela Batista Freddy, ERD
•	Incidencia de novedades: Baja
•	Apartamentos por entregar: 0
•	Situación general: Un (01) Lote de terreno con una dimensión de 10,000 Mt.2, aproximadamente con una parte ocupada por constru",https://doc-10-9s-mymaps.googleusercontent.com/untrusted/hostedimage/n8iup2omsln2bbcql4f65nkp7k/06qn0hv28citlho37ik8c77tt8/1642520769500/YxVS6hvJdcyzigFQtcUxfDRJRPekVVtH/00867828750103162931/5AIsG_vaiFzJSY__zZCLpw0d2PmMa6KMwfR_o2iq2dlI_pyOi4zxkrYi64p51bd,MAPA DE ACTIVOS DEL MIVHED (2) PROYECTOS,C:\Users\user\Downloads\MAPA DE ACTIVOS DEL MIVHED (2).kmz|layername=PROYECTOS,1.000000000000000,,./0.png
,,,"•	Encargado: 2do Tte Peguero Del Villar ERD
•	Incidencia de novedades: Baja
•	Apartamentos por entregar: Tenemos tres apartamentos que no han sido ocupados por los beneficiarios
•	Situación general: Este proyecto fue entregado en el año 2018, e",https://doc-0g-9s-mymaps.googleusercontent.com/untrusted/hostedimage/n8iup2omsln2bbcql4f65nkp7k/b0rc9h0atddd1mfnkpkcbfitak/1642520769500/YxVS6hvJdcyzigFQtcUxfDRJRPekVVtH/00867828750103162931/5AIsG_vanXJbNBF2PB5Zgg-_OztdFqvyb4Wr8XvI14UwGxV5r036Keyr4H7Jm9e,MAPA DE ACTIVOS DEL MIVHED (2) PROYECTOS,C:\Users\user\Downloads\MAPA DE ACTIVOS DEL MIVHED (2).kmz|layername=PROYECTOS,1.000000000000000,,./0.png
,,,"•	Encargado: Capitán Ronny Matos Segura, ERD.
•	Incidencia de novedades: Baja
•	Apartamentos por entregar: 21 apartamentos sin ocupar
•	Situación general: El proyecto fue entregado en agosto del presente año y hasta ahora no hay situaciones qu",https://doc-04-9s-mymaps.googleusercontent.com/untrusted/hostedimage/n8iup2omsln2bbcql4f65nkp7k/48miscd0fmcde91vsstakend6o/1642520769500/YxVS6hvJdcyzigFQtcUxfDRJRPekVVtH/00867828750103162931/5AIsG_vZixJxlo1PSbVbRuF8MOF9Ru1vUUceFnzNlVjyd2_wXwBI_65Gm-enujo,MAPA DE ACTIVOS DEL MIVHED (2) PROYECTOS,C:\Users\user\Downloads\MAPA DE ACTIVOS DEL MIVHED (2).kmz|layername=PROYECTOS,1.000000000000000,,./0.png
,,,"•	Encargado:	Capitán Freddy Valenzuela Batista, ERD.
•	Incidencia de novedades:	Media
•	Infraestructura:	 Entregado completo
•	Situación general:	Múltiples construcciones ilegales, que alteran el proyecto original.
",https://doc-0k-9s-mymaps.googleusercontent.com/untrusted/hostedimage/n8iup2omsln2bbcql4f65nkp7k/nu290hrn4tm2oupvm9rmdqmopg/1642520769500/YxVS6hvJdcyzigFQtcUxfDRJRPekVVtH/00867828750103162931/5AIsG_vaY3CRMcAmlsJFg2fS3HmDBAgdP9KNqRf_UoBM2KAOoGL2j5IUgYI0WVA,MAPA DE ACTIVOS DEL MIVHED (2) PROYECTOS,C:\Users\user\Downloads\MAPA DE ACTIVOS DEL MIVHED (2).kmz|layername=PROYECTOS,1.000000000000000,,./0.png
,,,"•	Encargado:	No aplica
•	Incidencia de novedades:	Baja
•	Apartamentos por entregar:	Entregado completo
•	Situación general:	Este proyecto fue transferido de Bienes Nacionales a nuestra institución.
",https://doc-0g-9s-mymaps.googleusercontent.com/untrusted/hostedimage/n8iup2omsln2bbcql4f65nkp7k/lk04b3686i0i8idmkssrkr3tt0/1642520769500/YxVS6hvJdcyzigFQtcUxfDRJRPekVVtH/00867828750103162931/5AIsG_vaux8z1Cd_troU3VkFOHEkNYReuFUlfZTQ59BBfnyxbQyaYasL3ic0-TP,MAPA DE ACTIVOS DEL MIVHED (2) PROYECTOS,C:\Users\user\Downloads\MAPA DE ACTIVOS DEL MIVHED (2).kmz|layername=PROYECTOS,1.000000000000000,,./0.png
,,,"•	Encargado:	No aplica
•	Incidencia de novedades:	Media
•	Apartamentos por entregar:	Entregado completo
•	Situación general:	Diversas construcciones ilegales que alteran el diseño original de este proyecto.
",https://doc-08-9s-mymaps.googleusercontent.com/untrusted/hostedimage/n8iup2omsln2bbcql4f65nkp7k/4jhdsi0t98g492r49o50sh7d7g/1642520769500/YxVS6hvJdcyzigFQtcUxfDRJRPekVVtH/00867828750103162931/5AIsG_vZRzqvockdS5v7s4WtfOI5d8urRAh9Goe8DSvibEROJdDi4kWbb-1HIpE,MAPA DE ACTIVOS DEL MIVHED (2) PROYECTOS,C:\Users\user\Downloads\MAPA DE ACTIVOS DEL MIVHED (2).kmz|layername=PROYECTOS,1.000000000000000,,./0.png
,,,"•	Encargado:	Capitán Arturo Villa Marte, ERD
•	Incidencia de novedades:	 Baja
•	Apartamentos por entregar:	Todos
•	Situación general:	Este proyecto está en un 90 por ciento de su construcción, el cual está para entrega en los próximos meses",https://doc-08-9s-mymaps.googleusercontent.com/untrusted/hostedimage/n8iup2omsln2bbcql4f65nkp7k/liab492g0889a6m4aut93ccfrc/1642520769500/YxVS6hvJdcyzigFQtcUxfDRJRPekVVtH/00867828750103162931/5AIsG_vZiMK0n3vOEUMmil324YSQLYareUnOfsWV-XKiylaWvTxLx7lq-XglnTY,MAPA DE ACTIVOS DEL MIVHED (2) PROYECTOS,C:\Users\user\Downloads\MAPA DE ACTIVOS DEL MIVHED (2).kmz|layername=PROYECTOS,1.000000000000000,,./0.png
,,,"•	Encargado:	Capitán Arturo Villa Marte, ERD
•	Incidencia de novedades:	Baja
•	Apartamentos por entregar:	Todos 
•	Situación general:	Este proyecto está en un 90 por ciento de su construcción, el cual está para entrega en los próximos meses",https://doc-14-9s-mymaps.googleusercontent.com/untrusted/hostedimage/n8iup2omsln2bbcql4f65nkp7k/99eps59sun15vlvp007upnhfks/1642520769500/YxVS6hvJdcyzigFQtcUxfDRJRPekVVtH/00867828750103162931/5AIsG_vb6jDyVfJLkUPkQ2RK198ubNLZX76Y-n94I2EhbGdxJfuT1TKCi7R08Px,MAPA DE ACTIVOS DEL MIVHED (2) PROYECTOS,C:\Users\user\Downloads\MAPA DE ACTIVOS DEL MIVHED (2).kmz|layername=PROYECTOS,1.000000000000000,,./0.png
,,,"•	Encargado:	1er. Tte. Roger Carvajal Matos, ERD.
•	Incidencia de novedades.	Baja
•	Apartamentos por entregar:	Tres (3) apartamentos que no han sido asignados o reclamados. Este proyecto fue entregado sin terminar
•	Situación general:	Estos proy",https://doc-08-9s-mymaps.googleusercontent.com/untrusted/hostedimage/n8iup2omsln2bbcql4f65nkp7k/26bi9q6dgcfehckr5ha7ct7qgk/1642520769500/YxVS6hvJdcyzigFQtcUxfDRJRPekVVtH/00867828750103162931/5AIsG_vYRgWBtATGEH9ilKwSHIhhallyWDDQJWHX3X5aO-FSkBSnPDzjMFyTXda,MAPA DE ACTIVOS DEL MIVHED (2) PROYECTOS,C:\Users\user\Downloads\MAPA DE ACTIVOS DEL MIVHED (2).kmz|layername=PROYECTOS,1.000000000000000,,./0.png
,,,"•	Encargado:	No tenemos
•	Incidencia de novedades:	Baja
•	Apartamentos por entregar:	0
•	Situación general:	Dos construcciones ilegales, un furgón y un local comercial (colmado). El área verde de este proyecto consta aproximadamente de unos 3,",https://doc-0s-9s-mymaps.googleusercontent.com/untrusted/hostedimage/n8iup2omsln2bbcql4f65nkp7k/2r2cjj0clii1or4i5bu7379o5s/1642520769500/YxVS6hvJdcyzigFQtcUxfDRJRPekVVtH/00867828750103162931/5AIsG_vbtFo0KI_qyWPE-eK8JZBjxcqsQkJLHgXQsC3al1F794Tj1jWzZ5Yt3yG,MAPA DE ACTIVOS DEL MIVHED (2) PROYECTOS,C:\Users\user\Downloads\MAPA DE ACTIVOS DEL MIVHED (2).kmz|layername=PROYECTOS,1.000000000000000,,./0.png
,,,"•	Encargado:	Capitán José G. Vasquez Salce, E.R.D.
•	Incidencia de novedades:	Baja
•	Apartamentos por entregar:	
•	Situación general:	Sin novedad",https://doc-0c-9s-mymaps.googleusercontent.com/untrusted/hostedimage/n8iup2omsln2bbcql4f65nkp7k/sqel65pqni2lm47jkkf9e6s2j8/1642520769500/YxVS6hvJdcyzigFQtcUxfDRJRPekVVtH/00867828750103162931/5AIsG_vb2w0HkRrYhz5pATe11ofBHjfgqPjWJl4lJG46cTtjRw8n93UU8DhXEl6,MAPA DE ACTIVOS DEL MIVHED (2) PROYECTOS,C:\Users\user\Downloads\MAPA DE ACTIVOS DEL MIVHED (2).kmz|layername=PROYECTOS,1.000000000000000,,./0.png
,,,"*Encargado: Capitán Rocha Garcia Brederlin ERD
*Novedad: media 
*Generalidades: algunos propietarios han construido, pequeñas infraestructuras como soportes de tinacos y anexos 
",https://doc-0s-9s-mymaps.googleusercontent.com/untrusted/hostedimage/n8iup2omsln2bbcql4f65nkp7k/nrp41n3enr5bf1q364anhfmlhc/1642520769500/YxVS6hvJdcyzigFQtcUxfDRJRPekVVtH/00867828750103162931/5AIsG_vbKgawcjZAS1q2msNXTAO8kkO8DE95rZC5coRQoFowTpdVybjFzEDrDPb,MAPA DE ACTIVOS DEL MIVHED (2) PROYECTOS,C:\Users\user\Downloads\MAPA DE ACTIVOS DEL MIVHED (2).kmz|layername=PROYECTOS,1.000000000000000,,./0.png
,,,"*Encargado: Capitán Rocha Garcia Brederlin ERD
*Novedad: Baja
*Generalidades:  ",https://doc-0o-9s-mymaps.googleusercontent.com/untrusted/hostedimage/n8iup2omsln2bbcql4f65nkp7k/331a94vtkrhh9592cc2h0n9fp0/1642520769500/YxVS6hvJdcyzigFQtcUxfDRJRPekVVtH/00867828750103162931/5AIsG_va1Cvz4g9rqpkqhCf7kckgbJPrRFPAls33FpTx5v37ymaIj-cZh5dnwwJ,MAPA DE ACTIVOS DEL MIVHED (2) PROYECTOS,C:\Users\user\Downloads\MAPA DE ACTIVOS DEL MIVHED (2).kmz|layername=PROYECTOS,1.000000000000000,,./0.png
,,,"•	Encargado:	Capitán Arturo Villa Marte, ERD
•	Incidencia de novedades:	Alta 
•	Apartamentos por entregar:	Entregado completo 
•	Situación general:	Este proyecto tiene una alta incidencia de novedades ya que sus franjas están ocupadas, por ter",https://doc-08-9s-mymaps.googleusercontent.com/untrusted/hostedimage/n8iup2omsln2bbcql4f65nkp7k/fg1337shnjmipnjrf0kb6lh6j8/1642520769500/YxVS6hvJdcyzigFQtcUxfDRJRPekVVtH/00867828750103162931/5AIsG_vYffVnviMWOcJo72V9FUbyijQJr5AvkUvglT4ETiI49qlkXUvCTl8-IFM,MAPA DE ACTIVOS DEL MIVHED (2) PROYECTOS,C:\Users\user\Downloads\MAPA DE ACTIVOS DEL MIVHED (2).kmz|layername=PROYECTOS,1.000000000000000,,./0.png
,,,"• Encargado: No aplica
• Incidencia de novedades: Baja
• Situación general: Este proyecto fue entregado en el año 2016.",https://doc-0o-9s-mymaps.googleusercontent.com/untrusted/hostedimage/n8iup2omsln2bbcql4f65nkp7k/4spgj1pgk07m85vsdj7bf7gbrc/1642520769500/YxVS6hvJdcyzigFQtcUxfDRJRPekVVtH/00867828750103162931/5AIsG_vYCfj4j-1aul-GHhdNQMIik92HHiJCQjAq3TGGV8vKqnsoc05u7SGBqx4,MAPA DE ACTIVOS DEL MIVHED (2) PROYECTOS,C:\Users\user\Downloads\MAPA DE ACTIVOS DEL MIVHED (2).kmz|layername=PROYECTOS,1.000000000000000,,./0.png
,,,"112 partamentos, terrenos donados por pelotero
Juan Carlos cruz",https://doc-0k-9s-mymaps.googleusercontent.com/untrusted/hostedimage/n8iup2omsln2bbcql4f65nkp7k/6shfstrvur5mpk3herol2cvgi8/1642520769500/YxVS6hvJdcyzigFQtcUxfDRJRPekVVtH/00867828750103162931/5AIsG_vbPn4vR9uxmavQr15AmRjCDJfgfCMX-hYUA9NZcQO1TJiSWDhv7lnXSZZ,MAPA DE ACTIVOS DEL MIVHED (2) PROYECTOS,C:\Users\user\Downloads\MAPA DE ACTIVOS DEL MIVHED (2).kmz|layername=PROYECTOS,1.000000000000000,,./0.png
,,,,https://doc-0o-9s-mymaps.googleusercontent.com/untrusted/hostedimage/n8iup2omsln2bbcql4f65nkp7k/m1ifkbftvpv1j8avp3fkvp204s/1642520769500/YxVS6hvJdcyzigFQtcUxfDRJRPekVVtH/00867828750103162931/5AIsG_vbN13R878u8HMan8gZXn4KDL8NTLsNLwaoGrpnlKoE_JeIS3HdyLMMNrG,MAPA DE ACTIVOS DEL MIVHED (2) PROYECTOS,C:\Users\user\Downloads\MAPA DE ACTIVOS DEL MIVHED (2).kmz|layername=PROYECTOS,1.000000000000000,,./0.png
,,,,https://doc-14-9s-mymaps.googleusercontent.com/untrusted/hostedimage/n8iup2omsln2bbcql4f65nkp7k/vsf2rr721t9ctc4sihcc1qia14/1642520769500/YxVS6hvJdcyzigFQtcUxfDRJRPekVVtH/00867828750103162931/5AIsG_vZTfTzFqkuWnyZZzt5uYopJ2enQfDH9ZQyk-cYV8UmEAsmPMpgoZ6-Y0-,MAPA DE ACTIVOS DEL MIVHED (2) PROYECTOS,C:\Users\user\Downloads\MAPA DE ACTIVOS DEL MIVHED (2).kmz|layername=PROYECTOS,1.000000000000000,,./0.png
,"* Encargado de seguridad: Sgt Mayor Garcia Perez ERD                                             • Incidencia de novedades: Baja
• Apartamentos por entregar: 55
• Situación general: Sin novedad",,"7 Edificios de Apartamento, 56 apartamentos",https://doc-0c-9s-mymaps.googleusercontent.com/untrusted/hostedimage/n8iup2omsln2bbcql4f65nkp7k/tcqcqqkqkv2n2pldissfbqk9as/1642520769500/YxVS6hvJdcyzigFQtcUxfDRJRPekVVtH/00867828750103162931/5AIsG_vYmqAJH8ZXq4lOscfTfzZZWX4akYzdyw1qkjpnAxxyQxDsSEvfnNtQx9G,MAPA DE ACTIVOS DEL MIVHED (2) PROYECTOS,C:\Users\user\Downloads\MAPA DE ACTIVOS DEL MIVHED (2).kmz|layername=PROYECTOS,1.000000000000000,,./0.png
,"*Encargado: Capitan Marte Ramirez Rigoberto
*incidencia: Alta
*Apartamentos por asignar: Pendiente del resultado del ultimo levantamiento por la DS",,Proyecto de la década de los 1980 ,https://doc-14-9s-mymaps.googleusercontent.com/untrusted/hostedimage/n8iup2omsln2bbcql4f65nkp7k/j4iac4gj56otj7m73dge7ub0fc/1642520769500/YxVS6hvJdcyzigFQtcUxfDRJRPekVVtH/00867828750103162931/5AIsG_vZHeVi1Wfw7PkkGpGMKNyjS-X4XBoL0Tg3DkO71BD8_kgzyi3Jnhprlzd,MAPA DE ACTIVOS DEL MIVHED (2) PROYECTOS,C:\Users\user\Downloads\MAPA DE ACTIVOS DEL MIVHED (2).kmz|layername=PROYECTOS,1.000000000000000,,./0.png
,,,"*Encargado de Seguridad: NA
*Novedad:baja",https://doc-08-9s-mymaps.googleusercontent.com/untrusted/hostedimage/n8iup2omsln2bbcql4f65nkp7k/n5lehannro02mi1s8cc6c13np4/1642520769500/YxVS6hvJdcyzigFQtcUxfDRJRPekVVtH/00867828750103162931/5AIsG_vbrGSERh_x07vKGe46Swtpp_4Fmisf75_mLvs8uxBtMrAXGPKdAaa9qjj,MAPA DE ACTIVOS DEL MIVHED (2) PROYECTOS,C:\Users\user\Downloads\MAPA DE ACTIVOS DEL MIVHED (2).kmz|layername=PROYECTOS,1.000000000000000,,./0.png
,,,,https://doc-0g-9s-mymaps.googleusercontent.com/untrusted/hostedimage/n8iup2omsln2bbcql4f65nkp7k/lfvpip7arls2cetu00pbp9mpdg/1642520769500/YxVS6hvJdcyzigFQtcUxfDRJRPekVVtH/00867828750103162931/5AIsG_vaW-at_5_Y3slLS-C5ENq9UOVgKnBx9axU7ejYyKXJYEmCaTMPA2Orn-d,MAPA DE ACTIVOS DEL MIVHED (2) PROYECTOS,C:\Users\user\Downloads\MAPA DE ACTIVOS DEL MIVHED (2).kmz|layername=PROYECTOS,1.000000000000000,,./0.png
,,,,https://doc-00-9s-mymaps.googleusercontent.com/untrusted/hostedimage/n8iup2omsln2bbcql4f65nkp7k/ps74o3buf2viiebp6keqa7idk8/1642520769500/YxVS6hvJdcyzigFQtcUxfDRJRPekVVtH/00867828750103162931/5AIsG_vb0aC1M7y-9FzJmxdW4v5roCa2Zdqozu4mjjhwGzK0KMkq4tOQiBxDg8S,MAPA DE ACTIVOS DEL MIVHED (2) PROYECTOS,C:\Users\user\Downloads\MAPA DE ACTIVOS DEL MIVHED (2).kmz|layername=PROYECTOS,1.000000000000000,,./0.png
HATO NUEVO,"<img src=""https://doc-0g-9s-mymaps.googleusercontent.com/untrusted/hostedimage/n8iup2omsln2bbcql4f65nkp7k/qls33b5ert4rje5pkdhr15i08g/1642520769500/YxVS6hvJdcyzigFQtcUxfDRJRPekVVtH/00867828750103162931/5AIsG_vbrBaMLIDAKJQpnvaxoCU1ymF5sxOLW5OfgrOL0R_Mp4SCo",,,https://doc-0g-9s-mymaps.googleusercontent.com/untrusted/hostedimage/n8iup2omsln2bbcql4f65nkp7k/qls33b5ert4rje5pkdhr15i08g/1642520769500/YxVS6hvJdcyzigFQtcUxfDRJRPekVVtH/00867828750103162931/5AIsG_vbrBaMLIDAKJQpnvaxoCU1ymF5sxOLW5OfgrOL0R_Mp4SCoP7qEhvDlPL,MAPA DE ACTIVOS DEL MIVHED (2) PROYECTOS EN DESARROLLO,C:\Users\user\Downloads\MAPA DE ACTIVOS DEL MIVHED (2).kmz|layername=PROYECTOS EN DESARROLLO,1.000000000000000,,./0.png
"LA BARRANQUITA, SANTIAGO","<img src=""https://doc-04-9s-mymaps.googleusercontent.com/untrusted/hostedimage/n8iup2omsln2bbcql4f65nkp7k/4nc9va26j2hppr5q0avnj9b18k/1642520769500/YxVS6hvJdcyzigFQtcUxfDRJRPekVVtH/00867828750103162931/5AIsG_vYObwFiCx6bCsf5o8r435hT0kv-ofJbZhAisj2G1EJV-yl3",,,https://doc-04-9s-mymaps.googleusercontent.com/untrusted/hostedimage/n8iup2omsln2bbcql4f65nkp7k/4nc9va26j2hppr5q0avnj9b18k/1642520769500/YxVS6hvJdcyzigFQtcUxfDRJRPekVVtH/00867828750103162931/5AIsG_vYObwFiCx6bCsf5o8r435hT0kv-ofJbZhAisj2G1EJV-yl3ihpLvaYpN2,MAPA DE ACTIVOS DEL MIVHED (2) PROYECTOS EN DESARROLLO,C:\Users\user\Downloads\MAPA DE ACTIVOS DEL MIVHED (2).kmz|layername=PROYECTOS EN DESARROLLO,1.000000000000000,,./0.png
"CIUDAD MODELO JACOBO MAJLUTA, SANTO DOMINGO","<img src=""https://doc-0c-9s-mymaps.googleusercontent.com/untrusted/hostedimage/n8iup2omsln2bbcql4f65nkp7k/37vva9lvakh2sob35u6jgle63s/1642520769500/YxVS6hvJdcyzigFQtcUxfDRJRPekVVtH/00867828750103162931/5AIsG_vbTqX9WXA-xtGV52X1HfX3n6JisKwcosOL_hIibO9Uo0m2q",,,https://doc-0c-9s-mymaps.googleusercontent.com/untrusted/hostedimage/n8iup2omsln2bbcql4f65nkp7k/37vva9lvakh2sob35u6jgle63s/1642520769500/YxVS6hvJdcyzigFQtcUxfDRJRPekVVtH/00867828750103162931/5AIsG_vbTqX9WXA-xtGV52X1HfX3n6JisKwcosOL_hIibO9Uo0m2q5zKg585U0o,MAPA DE ACTIVOS DEL MIVHED (2) PROYECTOS EN DESARROLLO,C:\Users\user\Downloads\MAPA DE ACTIVOS DEL MIVHED (2).kmz|layername=PROYECTOS EN DESARROLLO,1.000000000000000,,./0.png
LAS ANTILLAS SANTIAGO,"<img src=""https://doc-0c-9s-mymaps.googleusercontent.com/untrusted/hostedimage/n8iup2omsln2bbcql4f65nkp7k/ouikfsvfvcp6iqi53nt599cq0s/1642520769500/YxVS6hvJdcyzigFQtcUxfDRJRPekVVtH/00867828750103162931/5AIsG_vbtv0IasLEW13xqCb_KKXPPQz6PO2YhEXOt04QPXrjlQMrH",,,https://doc-0c-9s-mymaps.googleusercontent.com/untrusted/hostedimage/n8iup2omsln2bbcql4f65nkp7k/ouikfsvfvcp6iqi53nt599cq0s/1642520769500/YxVS6hvJdcyzigFQtcUxfDRJRPekVVtH/00867828750103162931/5AIsG_vbtv0IasLEW13xqCb_KKXPPQz6PO2YhEXOt04QPXrjlQMrHlM9yc81-Lw,MAPA DE ACTIVOS DEL MIVHED (2) PROYECTOS EN DESARROLLO,C:\Users\user\Downloads\MAPA DE ACTIVOS DEL MIVHED (2).kmz|layername=PROYECTOS EN DESARROLLO,1.000000000000000,,./0.png
SAN LUIS ,"<img src=""https://doc-0g-9s-mymaps.googleusercontent.com/untrusted/hostedimage/n8iup2omsln2bbcql4f65nkp7k/1j8tecijob0r0qrthf3v8golcs/1642520769500/YxVS6hvJdcyzigFQtcUxfDRJRPekVVtH/00867828750103162931/5AIsG_vZ7UUmWXmt4Ss581qCLW-fWbwenGzU8N9EMdCPah3C_htL2",,,https://doc-0g-9s-mymaps.googleusercontent.com/untrusted/hostedimage/n8iup2omsln2bbcql4f65nkp7k/1j8tecijob0r0qrthf3v8golcs/1642520769500/YxVS6hvJdcyzigFQtcUxfDRJRPekVVtH/00867828750103162931/5AIsG_vZ7UUmWXmt4Ss581qCLW-fWbwenGzU8N9EMdCPah3C_htL2h75-j86Cwl,MAPA DE ACTIVOS DEL MIVHED (2) PROYECTOS EN DESARROLLO,C:\Users\user\Downloads\MAPA DE ACTIVOS DEL MIVHED (2).kmz|layername=PROYECTOS EN DESARROLLO,1.000000000000000,,./0.png
"MONTE LLANO, PUERTO PLATA","<img src=""https://doc-0k-9s-mymaps.googleusercontent.com/untrusted/hostedimage/n8iup2omsln2bbcql4f65nkp7k/tqgqjkgk1rj3ba1thv4p18m7j4/1642520769500/YxVS6hvJdcyzigFQtcUxfDRJRPekVVtH/00867828750103162931/5AIsG_vaFViiCeWvez7ZTClzjsPWwzGKjs0Jm8kasgZlT4Zxf-yyZ",,,https://doc-0k-9s-mymaps.googleusercontent.com/untrusted/hostedimage/n8iup2omsln2bbcql4f65nkp7k/tqgqjkgk1rj3ba1thv4p18m7j4/1642520769500/YxVS6hvJdcyzigFQtcUxfDRJRPekVVtH/00867828750103162931/5AIsG_vaFViiCeWvez7ZTClzjsPWwzGKjs0Jm8kasgZlT4Zxf-yyZY50gJvQ9e-,MAPA DE ACTIVOS DEL MIVHED (2) TERRENO,C:\Users\user\Downloads\MAPA DE ACTIVOS DEL MIVHED (2).kmz|layername=TERRENO,1.000000000000000,,./0.png
TERRENOS  VILLA PROGRESO DAJABON,"<img src=""https://doc-0g-9s-mymaps.googleusercontent.com/untrusted/hostedimage/n8iup2omsln2bbcql4f65nkp7k/u52h5n75qqevmpoq5sll26mkfg/1642520769500/YxVS6hvJdcyzigFQtcUxfDRJRPekVVtH/00867828750103162931/5AIsG_vbVtPhY3crWCedIxAw3Qeh6RxEJp78OmC-PDKp_twM1Xm1D",TERRENOS PROXIMOS A VILLA PROGRESO DAJABON,"10 de marzo 2021
Distrito Nacional, RD. 


Respetuosamente, Siendo las 04:00 horas del día de la fecha, un equipo de la Dirección de seguridad compuesto por diez (10) miembros, encabezados por el mayor Julio Cesar Landa Duran, FARD., encargado de Segur",https://doc-0g-9s-mymaps.googleusercontent.com/untrusted/hostedimage/n8iup2omsln2bbcql4f65nkp7k/u52h5n75qqevmpoq5sll26mkfg/1642520769500/YxVS6hvJdcyzigFQtcUxfDRJRPekVVtH/00867828750103162931/5AIsG_vbVtPhY3crWCedIxAw3Qeh6RxEJp78OmC-PDKp_twM1Xm1Da4-QvsF6R4,MAPA DE ACTIVOS DEL MIVHED (2) TERRENO,C:\Users\user\Downloads\MAPA DE ACTIVOS DEL MIVHED (2).kmz|layername=TERRENO,1.000000000000000,,./0.png
TERRENOS VILLA ESPERANZA LOMA DE CASTAÑUELA,"<img src=""https://doc-10-9s-mymaps.googleusercontent.com/untrusted/hostedimage/n8iup2omsln2bbcql4f65nkp7k/61s538c6tnhrepiicmbc6a0iq8/1642520769500/YxVS6hvJdcyzigFQtcUxfDRJRPekVVtH/00867828750103162931/5AIsG_vb11dCJidmn_OazO1F_uKdKFLZCyR0OHIzQr7raSktLvkwj",,,https://doc-10-9s-mymaps.googleusercontent.com/untrusted/hostedimage/n8iup2omsln2bbcql4f65nkp7k/61s538c6tnhrepiicmbc6a0iq8/1642520769500/YxVS6hvJdcyzigFQtcUxfDRJRPekVVtH/00867828750103162931/5AIsG_vb11dCJidmn_OazO1F_uKdKFLZCyR0OHIzQr7raSktLvkwjTG5Dqp3cQq,MAPA DE ACTIVOS DEL MIVHED (2) TERRENO,C:\Users\user\Downloads\MAPA DE ACTIVOS DEL MIVHED (2).kmz|layername=TERRENO,1.000000000000000,,./0.png
TERRENOS VILLA PROGRESO SAN JUAN ,"<img src=""https://doc-0o-9s-mymaps.googleusercontent.com/untrusted/hostedimage/n8iup2omsln2bbcql4f65nkp7k/og2049qr7o451vvtms0bsprjm8/1642520769500/YxVS6hvJdcyzigFQtcUxfDRJRPekVVtH/00867828750103162931/5AIsG_vbk7J4RYXEbpS9rFksBrLudoCmPKVPzksYwctM7o-eiovNT",VILLA PROGRESO SAN JUAN ,"•	Encargado: 1Tte. Junior Motero Ortiz, ERD.
•	Incidencia de novedades: Mediana 
•	Apartamentos por entregar: Ninguno
•	Situación general: Terreno muy extenso, muchas áreas verdes que se prestan para ser invadidas; parte de la misma ya ha sido",https://doc-0o-9s-mymaps.googleusercontent.com/untrusted/hostedimage/n8iup2omsln2bbcql4f65nkp7k/og2049qr7o451vvtms0bsprjm8/1642520769500/YxVS6hvJdcyzigFQtcUxfDRJRPekVVtH/00867828750103162931/5AIsG_vbk7J4RYXEbpS9rFksBrLudoCmPKVPzksYwctM7o-eiovNTsGxuLBs63-,MAPA DE ACTIVOS DEL MIVHED (2) TERRENO,C:\Users\user\Downloads\MAPA DE ACTIVOS DEL MIVHED (2).kmz|layername=TERRENO,1.000000000000000,,./0.png
"TERRENOS LAS CASITAS, SAN CRISTOBAL","<img src=""https://doc-00-9s-mymaps.googleusercontent.com/untrusted/hostedimage/n8iup2omsln2bbcql4f65nkp7k/0t9mefjg3vk1efa4u8qc6tgf38/1642520769500/YxVS6hvJdcyzigFQtcUxfDRJRPekVVtH/00867828750103162931/5AIsG_vbedqLuHlmyTd4EG-jc1y2c4CqEHdVBzGxkU-Zc9ey9qzxv","TERRENOS LAS CASITAS, SAN CRISTOBAL",,https://doc-00-9s-mymaps.googleusercontent.com/untrusted/hostedimage/n8iup2omsln2bbcql4f65nkp7k/0t9mefjg3vk1efa4u8qc6tgf38/1642520769500/YxVS6hvJdcyzigFQtcUxfDRJRPekVVtH/00867828750103162931/5AIsG_vbedqLuHlmyTd4EG-jc1y2c4CqEHdVBzGxkU-Zc9ey9qzxviqy2S0oRdn,MAPA DE ACTIVOS DEL MIVHED (2) TERRENO,C:\Users\user\Downloads\MAPA DE ACTIVOS DEL MIVHED (2).kmz|layername=TERRENO,1.000000000000000,,./0.png
VILLA SOLIDARIDAD JIMANI,"<img src=""https://doc-0k-9s-mymaps.googleusercontent.com/untrusted/hostedimage/n8iup2omsln2bbcql4f65nkp7k/54kvoarf0f54sj5h45o6p4pnhk/1642520769500/YxVS6hvJdcyzigFQtcUxfDRJRPekVVtH/00867828750103162931/5AIsG_vZ8iKczpEaEmpaI_0dOTtdUJFd53n2NDak5tEJJkdK0TehW",,,https://doc-0k-9s-mymaps.googleusercontent.com/untrusted/hostedimage/n8iup2omsln2bbcql4f65nkp7k/54kvoarf0f54sj5h45o6p4pnhk/1642520769500/YxVS6hvJdcyzigFQtcUxfDRJRPekVVtH/00867828750103162931/5AIsG_vZ8iKczpEaEmpaI_0dOTtdUJFd53n2NDak5tEJJkdK0TehWRsf59SuD6L,MAPA DE ACTIVOS DEL MIVHED (2) TERRENO,C:\Users\user\Downloads\MAPA DE ACTIVOS DEL MIVHED (2).kmz|layername=TERRENO,1.000000000000000,,./0.png
"TERRENOS JUNTO A VILLA PROGRESO LOS HATILLOS, HATO MAYOR","<img src=""https://doc-0c-9s-mymaps.googleusercontent.com/untrusted/hostedimage/n8iup2omsln2bbcql4f65nkp7k/3er5nnjr8u1vgkn08l0ju901ak/1642520769500/YxVS6hvJdcyzigFQtcUxfDRJRPekVVtH/00867828750103162931/5AIsG_va4JcYfKxbVPlUmOCh1o7T-l4HzwOCFHP_rgby490hycbPw",,,https://doc-0c-9s-mymaps.googleusercontent.com/untrusted/hostedimage/n8iup2omsln2bbcql4f65nkp7k/3er5nnjr8u1vgkn08l0ju901ak/1642520769500/YxVS6hvJdcyzigFQtcUxfDRJRPekVVtH/00867828750103162931/5AIsG_va4JcYfKxbVPlUmOCh1o7T-l4HzwOCFHP_rgby490hycbPw_HFDoyXGF4,MAPA DE ACTIVOS DEL MIVHED (2) TERRENO,C:\Users\user\Downloads\MAPA DE ACTIVOS DEL MIVHED (2).kmz|layername=TERRENO,1.000000000000000,,./0.png
EL HIGUERO PROXIMO AL VERTEDERO,<br><br>nombre: <br>descripción:,,,,MAPA DE ACTIVOS DEL MIVHED (2) TERRENO,C:\Users\user\Downloads\MAPA DE ACTIVOS DEL MIVHED (2).kmz|layername=TERRENO,1.000000000000000,,./0.png
"TERRENOS DEL INVI EN SAN JUAN, PROXIMO A VILLA PROGRESO","<img src=""https://doc-0s-9s-mymaps.googleusercontent.com/untrusted/hostedimage/n8iup2omsln2bbcql4f65nkp7k/q9j0h0l0ltma28e13g6vp08acs/1642520769500/YxVS6hvJdcyzigFQtcUxfDRJRPekVVtH/00867828750103162931/5AIsG_vYGIEjTfZ3Qd-iYAA6Ukq-reARWcKa3Zx8ZokLCaRO0xJ9I","TERRENOS DEL INVI EN SAN JUAN, PROXIMO A VILLA PROGRESO","•	Encargado:	1Tte. Junior Montero Ortiz, ERD.
•	Incidencia de novedades:	 Mediana
•	Apartamentos por entregar:	Ninguno
•	Situación general:	Terreno recuperado.
",https://doc-0s-9s-mymaps.googleusercontent.com/untrusted/hostedimage/n8iup2omsln2bbcql4f65nkp7k/q9j0h0l0ltma28e13g6vp08acs/1642520769500/YxVS6hvJdcyzigFQtcUxfDRJRPekVVtH/00867828750103162931/5AIsG_vYGIEjTfZ3Qd-iYAA6Ukq-reARWcKa3Zx8ZokLCaRO0xJ9IofRyPP4v3Z,MAPA DE ACTIVOS DEL MIVHED (2) TERRENO,C:\Users\user\Downloads\MAPA DE ACTIVOS DEL MIVHED (2).kmz|layername=TERRENO,1.000000000000000,,./0.png
TERRENOS NAGUA PROX  VILLA PROGRESO,"<img src=""https://doc-0g-9s-mymaps.googleusercontent.com/untrusted/hostedimage/n8iup2omsln2bbcql4f65nkp7k/uoah3i1c6v1ubilgp1qe6r32rc/1642520769500/YxVS6hvJdcyzigFQtcUxfDRJRPekVVtH/00867828750103162931/5AIsG_vbqozvYh6Bef3cBU3O6DnE4DEEAjoueYLVWJEu84fhkftkN",,,https://doc-0g-9s-mymaps.googleusercontent.com/untrusted/hostedimage/n8iup2omsln2bbcql4f65nkp7k/uoah3i1c6v1ubilgp1qe6r32rc/1642520769500/YxVS6hvJdcyzigFQtcUxfDRJRPekVVtH/00867828750103162931/5AIsG_vbqozvYh6Bef3cBU3O6DnE4DEEAjoueYLVWJEu84fhkftkNxVKpBDkwt8,MAPA DE ACTIVOS DEL MIVHED (2) TERRENO,C:\Users\user\Downloads\MAPA DE ACTIVOS DEL MIVHED (2).kmz|layername=TERRENO,1.000000000000000,,./0.png
